C1,C2,label
-13.151912,14.773879,2
32.919704,-23.442387,3
-3.2319522,-30.540148,3
-16.792665,-15.5120535,2
10.717254,29.334547,1
10.234245,29.925425,1
13.114442,40.861004,1
20.622726,-24.6381,3
-24.102438,-17.716843,2
-33.027607,-26.18197,3
6.0441227,51.389523,1
35.154037,-16.436777,3
15.472664,-13.568375,3
12.917164,16.377829,1
13.24665,21.539825,1
15.363997,17.684185,1
-9.285836,22.762333,2
-32.501625,-3.987176,2
-8.519001,3.481355,2
-17.072918,28.64235,2
-10.030781,-16.018604,2
-3.8399775,47.39223,1
-1.4027052,19.450563,2
-0.5256301,6.2173676,2
-17.959171,5.294197,2
6.5443034,-32.01034,3
6.814222,22.567877,1
-14.636079,-4.1581254,2
-30.76921,-11.18154,2
14.192991,40.139183,1
-16.130802,-16.342272,2
0.25800028,35.130905,1
7.5223613,46.06517,1
34.273193,-27.476109,3
35.55164,-24.294893,3
6.774128,-35.044556,3
3.634392,12.345769,2
6.2864013,42.959606,1
-8.276758,-27.827864,3
-18.213905,7.180261,2
1.8653862,41.65992,1
-8.27685,-3.363358,2
14.269213,41.261562,1
29.33772,-30.290274,3
-15.950256,30.987144,2
-17.828938,-26.697203,3
-17.681551,24.371862,2
-22.985437,-3.5405507,2
-9.95248,-9.821487,2
-1.1797556,35.00303,1
34.96659,-11.637734,3
7.8035083,-23.479704,3
31.262693,-13.972572,3
22.69491,-15.140202,3
-14.319261,-15.404459,2
30.674744,-30.374018,3
8.689649,41.93182,1
3.039666,27.884521,1
4.246798,50.818348,1
-19.499706,24.491518,2
-7.6137824,8.583161,2
5.34881,16.42344,2
13.642009,-15.960764,3
-3.8510768,9.652427,2
-13.557854,28.9084,2
-20.163998,-6.4150534,2
1.243608,38.71224,1
5.638051,-35.020916,3
9.047828,42.81142,1
37.31316,-23.003778,3
7.5174885,-23.631838,3
12.812816,20.332,1
8.761102,50.463448,1
13.039521,-14.498572,3
-8.033143,-29.72566,3
-3.9022853,-30.940062,3
2.447009,-34.9504,3
8.611539,43.41436,1
-13.777404,17.622887,2
9.823348,36.91661,1
22.42882,-32.464214,3
-19.061152,-20.800858,2
-10.776311,19.916077,2
14.043098,38.653427,1
-18.944017,26.730799,2
0.72309774,9.537615,2
3.8777509,-21.07414,3
-17.751934,-22.961153,3
23.114899,-26.574995,3
-23.882029,8.967224,2
2.1127958,41.08941,1
-36.715317,-23.955624,3
0.6684786,-33.675385,3
-10.902886,-10.761967,2
7.019976,-19.32681,3
-23.82388,-1.3482211,2
-13.812166,-5.099086,2
-4.5692787,1.4955925,2
24.420029,26.782465,1
-1.9430194,47.790024,1
22.70332,28.848743,1
-15.999538,-22.50552,3
-0.45931426,11.980726,2
-16.063507,-2.9481626,2
28.644928,-33.7701,3
-2.4584107,26.018393,1
-3.6411288,2.5411012,2
5.404555,-18.391663,3
6.9366074,20.079031,1
12.394317,38.809048,1
-16.112545,28.375837,2
-0.38982064,36.85083,1
30.464025,-22.62731,3
9.5213175,-31.188734,3
-16.326563,-22.437124,3
21.376955,-20.682003,3
12.688395,-12.254831,3
-1.6122555,35.49559,1
23.817307,-23.414879,3
-28.749723,-4.986175,2
11.440724,-28.045774,3
27.38137,-34.006935,3
-9.640301,20.574501,2
-2.517728,49.275135,1
8.740542,18.06133,1
-20.660091,12.006461,2
8.761669,-34.087635,3
20.051947,-24.665245,3
25.068428,27.461649,1
-19.58939,-2.8714774,2
-21.549007,13.513659,2
4.2917852,22.835762,1
2.267103,40.55476,1
-18.306257,22.328394,2
31.636663,-11.936645,3
-0.6840465,11.257128,2
-18.711609,-3.708478,2
-6.714418,-29.071135,3
-23.550306,21.139996,2
35.44625,-12.220637,3
34.210648,-21.877771,3
-13.388586,30.755888,2
-21.339039,-1.8225613,2
-8.703655,22.737125,2
6.87368,12.436091,2
7.154016,49.42866,1
-11.049024,-16.076044,2
-30.904758,-1.9617237,2
5.8584137,49.321945,1
-11.055771,27.821365,2
28.573227,-34.331833,3
4.6487436,20.894459,1
13.678496,27.076868,1
-16.28196,-1.1759583,2
38.405006,-29.830221,3
-15.428581,31.858458,1
-17.811373,-28.59021,3
-7.2907653,-35.247116,3
1.912664,22.683598,1
-11.965888,-34.17136,3
-14.436265,16.794466,2
-21.934278,-21.176563,3
-33.739895,-17.266088,3
-21.650942,-5.589676,2
-2.2537653,50.27627,1
14.781566,-14.929573,3
-0.12129001,11.133398,2
-6.380821,46.004887,1
23.542276,26.792896,1
-31.353483,-11.114463,2
-14.502923,-27.225927,3
3.4541497,51.941795,1
-31.63567,-2.5270083,2
-11.956085,32.33115,1
-30.86991,-19.77495,3
11.171187,26.636723,1
-6.303459,-27.2647,3
-8.6804,9.295603,2
32.741837,-30.183216,3
1.0901136,40.293556,1
-4.2612653,12.227722,2
-3.0380054,49.056843,1
29.368967,-19.00575,3
21.442856,-16.595125,3
7.8498397,14.768159,2
-33.297394,-20.427517,3
13.481518,-13.3849745,3
-21.988804,-8.201888,2
-25.102413,-4.357845,2
-11.079104,30.95369,1
20.188093,25.784363,1
24.684467,-24.571966,3
27.782995,-27.431152,3
-10.993335,-18.292255,3
-4.3974743,12.787883,2
0.6228027,6.87531,2
-3.7606921,-29.991592,3
27.984535,-32.564457,3
20.833109,-14.02756,3
8.330341,-24.703535,3
-34.30721,-17.975513,3
14.337306,35.528328,1
11.644211,27.520239,1
24.6302,-24.531887,3
-20.071299,-18.253866,2
24.686644,27.539953,1
7.0181503,41.9687,1
-10.64869,-25.661083,3
12.232152,45.90707,1
-0.05232931,36.49827,1
-11.458926,-8.979626,2
-5.8651714,-27.102694,3
-30.925282,-20.375593,3
-0.2074855,26.917841,1
-4.724686,-29.020672,3
-16.139662,32.009575,1
2.0209951,7.7515135,2
5.2738247,-20.736687,3
-34.93437,-18.67413,3
21.61562,-32.89067,3
-8.776453,-24.657425,3
-11.359776,-11.325284,2
16.459772,30.193508,1
-0.92612785,5.9776335,2
-10.01505,28.817892,2
10.131832,14.927318,1
35.645336,-22.225183,3
-24.15087,19.352234,2
22.85173,-16.370722,3
-25.482983,-20.153528,3
8.300117,-31.218702,3
-25.155762,-1.8136044,2
-23.305422,-9.914749,2
-17.558573,-0.7376559,2
13.185695,19.59046,1
2.2262747,-17.17455,3
-3.343648,21.677576,2
23.149544,29.086197,1
-16.836664,-23.478062,3
3.7207668,28.852776,1
31.010548,-14.179863,3
33.026493,-16.258427,3
27.373987,-16.56069,3
-0.0005006861,5.2724233,2
17.719065,37.632595,1
30.63013,-24.178238,3
-4.0868244,0.8942243,2
36.51231,-27.022669,3
34.424427,-15.685855,3
22.362328,-34.496174,3
-6.5454183,22.00993,2
-4.7514873,6.6903176,2
22.39899,-35.88957,3
-0.9328051,11.911443,2
-5.8596616,46.93755,1
-30.399036,-6.3110332,2
30.6928,-11.495885,3
-14.924936,-31.443287,3
-11.062654,-11.659849,2
10.471383,37.62029,1
-20.60698,-19.520876,2
36.89102,-13.425295,3
17.784912,21.149158,1
-20.992498,-3.7247477,2
24.353266,-33.47343,3
-8.954493,-34.522644,3
-32.34817,-25.649416,3
-14.033987,-32.045654,3
-5.722314,11.295884,2
-1.9270356,20.1971,2
11.357294,-28.423227,3
11.753368,-15.816661,3
19.58574,-15.024639,3
28.533367,-12.405173,3
-30.083935,-2.1909087,2
-14.759045,-2.892102,2
10.236444,-18.056023,3
-17.797218,-24.950056,3
-8.873428,-29.86489,3
11.194373,-14.397958,3
26.903429,-34.51983,3
-20.185753,23.843288,2
-12.293014,14.022778,2
7.429247,42.020187,1
-27.541195,-10.477087,2
2.309465,51.377373,1
-21.565434,7.7831216,2
-25.714937,-5.5760255,2
6.954423,12.1354065,2
-21.845324,-16.447659,2
23.162245,27.919136,1
7.759314,49.206768,1
12.954464,-27.864214,3
-16.010204,18.497843,2
20.447474,21.360954,1
-9.768581,-7.3441877,2
6.7840395,-19.64475,3
11.64836,16.476648,1
-10.028933,-17.124105,2
22.439417,22.608818,1
0.2988913,51.467342,1
-28.901638,-4.18906,2
-16.332483,-5.8877177,2
-15.287933,-22.390982,3
-10.2649355,-33.530087,3
35.608253,-15.259702,3
-26.562553,-2.56723,2
0.22858089,10.608527,2
6.320978,-33.924316,3
7.6376963,13.4756365,2
-20.772943,10.28218,2
5.6452518,47.16053,1
20.675581,31.300257,1
36.98977,-31.271143,3
21.10473,-35.72299,3
-35.90031,-23.121677,3
-7.914612,6.4370027,2
-3.8782015,40.300564,1
0.9224091,36.554626,1
1.3136232,22.055225,2
-12.276787,-8.253647,2
-5.2997055,-29.931154,3
-19.223862,-28.089357,3
-12.575977,28.29501,2
32.91702,-18.541103,3
-13.02765,-35.13298,3
-9.977791,-10.371088,2
-33.97297,-15.076617,2
-22.577724,13.863517,2
4.552463,20.19468,1
-23.029907,21.626272,2
6.115796,-22.972786,3
13.032654,44.20833,1
0.60211164,42.552315,1
5.2550926,50.044548,1
10.307841,45.98187,1
22.71414,-34.402103,3
-10.676935,-30.785084,3
-33.056618,-0.34106213,2
17.281807,28.420881,1
-16.686195,-1.1730034,2
-17.416945,1.6185558,2
3.110444,29.671144,1
-19.211493,9.354809,2
-23.61822,18.629742,2
-13.4012165,-17.2897,2
-10.503584,-18.442389,3
22.295183,28.391104,1
-21.722391,19.934984,2
-26.234575,-19.411833,3
-14.031025,-3.3119934,2
19.046453,-16.387495,3
-33.022324,-20.772486,3
-4.19349,43.0544,1
-0.27170146,50.25284,1
-14.402165,-22.405252,3
7.4643784,50.127045,1
-19.977074,-15.184093,2
31.254835,-13.614255,3
-28.856737,-10.227036,2
-20.066021,17.846334,2
-27.21582,-20.339592,3
-8.415492,1.2731187,2
-22.68986,-6.6071353,2
31.507147,-10.999243,3
-23.241426,19.398514,2
36.643013,-30.924013,3
28.837482,-32.218243,3
13.274294,19.389061,1
7.0736017,46.23694,1
-0.8609443,44.6609,1
22.48333,29.601448,1
11.756291,36.895958,1
-33.718163,-23.364662,3
6.529356,46.01948,1
-9.166283,20.281202,2
18.66671,-24.215828,3
15.676522,39.63462,1
9.476043,-32.140606,3
-6.607034,23.220402,2
2.6193595,40.8695,1
-34.72942,-24.244469,3
-25.92246,-19.751926,3
21.718187,-17.824806,3
-3.5515409,-32.094715,3
10.694077,-28.047144,3
7.765379,11.532658,2
11.869905,24.641932,1
5.369355,-19.863136,3
13.018866,-12.45611,3
38.68534,-29.62991,3
-10.363261,7.8027725,2
-19.926474,19.611696,2
4.5474105,-32.73642,3
-11.334497,18.493532,2
29.8955,-17.182583,3
20.396135,-22.663101,3
-7.7301526,3.0861208,2
-8.990363,-35.31497,3
5.3542247,-18.817036,3
9.7940855,37.678524,1
28.075262,-34.717453,3
-29.386587,-1.6728001,2
20.321568,-36.261826,3
-16.986513,23.305166,2
27.92477,-31.42331,3
-23.555033,19.462671,2
18.507711,36.44521,1
28.70385,-28.747076,3
20.722363,24.97647,1
-2.2568572,12.870037,2
32.515656,-12.931975,3
32.3673,-10.784998,3
-18.02337,-13.732548,2
-19.95346,-21.590788,3
-22.943777,10.754869,2
-16.730867,27.999249,2
-10.345226,20.107048,2
-14.819229,-26.625793,3
-9.969192,-35.6724,3
9.704779,-18.198664,3
3.6286137,-35.563736,3
8.261703,41.441975,1
-15.986463,-1.8027153,2
5.875795,48.779667,1
-10.654539,-9.760556,2
-19.238195,8.365813,2
23.262503,-25.450104,3
-14.396061,18.441675,2
20.442995,22.10205,1
2.5550582,35.90671,1
6.4672604,-23.890266,3
-23.597246,-19.31551,2
7.964538,40.62196,1
7.250229,43.501877,1
-33.51918,-25.337788,3
18.369987,30.4652,1
13.434329,-15.233271,3
-14.546433,-32.516453,3
22.085623,24.125696,1
22.162487,23.520931,1
37.967068,-25.196936,3
-19.535446,19.033222,2
-17.00558,18.047184,2
12.284035,-15.6611185,3
32.563614,-22.893618,3
37.39581,-23.410465,3
-1.1957737,-33.091156,3
-6.380368,9.079614,2
14.174824,35.276634,1
3.2272274,-34.414783,3
-12.559269,-9.470678,2
-18.556208,10.193411,2
26.648237,-17.173069,3
-3.205197,49.541492,1
-32.87034,-1.3958445,2
11.8496,46.36287,1
-17.243792,2.8105478,2
9.743523,44.087994,1
-0.96277326,43.661453,1
19.68052,22.940645,1
-17.238375,-24.143093,3
4.568446,-17.882883,3
-18.17972,-14.605777,2
33.821083,-21.05492,3
-14.472555,16.026672,2
5.4832973,14.187219,2
21.217031,-28.730927,3
4.9486785,22.399168,1
37.135635,-31.116928,3
25.40575,26.146751,1
35.043358,-13.89908,3
19.721874,31.550844,1
23.851713,-24.539104,3
-14.563858,-5.3913727,2
36.79204,-12.051899,3
18.277035,30.038376,1
-20.800043,-7.901202,2
34.83743,-13.002929,3
-31.111048,-3.3243868,2
-11.844171,-18.17812,3
-33.11465,-24.928406,3
-17.464977,5.0025473,2
-21.01705,-20.85619,3
-11.624056,-13.244559,2
28.070187,-33.630756,3
8.070124,47.773907,1
-4.8264155,22.466848,2
32.91913,-24.552961,3
23.045326,-18.13423,3
-23.966963,11.042374,2
-11.559615,-17.180157,2
-7.327201,24.391617,2
13.892582,20.147404,1
-23.970623,10.127374,2
-15.077364,18.491589,2
-33.21483,-8.975598,2
22.721855,24.018154,1
37.81243,-30.669054,3
38.11239,-26.079271,3
-9.129814,-29.532217,3
-13.493068,-6.287718,2
-18.737709,25.736443,2
8.835237,-33.219063,3
-10.187358,-28.55239,3
-2.891105,41.07201,1
28.076927,-25.552732,3
12.961011,-16.05903,3
35.64388,-31.161104,3
-12.795664,-34.232887,3
-9.631316,-16.024132,2
-3.7141707,1.9399172,2
30.43753,-12.3675585,3
23.310875,-34.06336,3
14.45791,39.825706,1
17.056314,37.250366,1
-6.904617,9.3613,2
12.772167,-13.639761,3
38.618885,-30.585157,3
0.49864686,37.68764,1
-33.328087,-10.419561,2
-14.229323,14.763207,2
35.1875,-11.983675,3
21.59998,-35.828674,3
16.452068,-28.197647,3
-10.534314,1.0849191,2
-20.716736,13.026304,2
-16.656277,30.256414,2
19.35301,30.638643,1
20.857594,-21.60431,3
7.969415,-34.021366,3
37.393974,-21.199015,4
37.819595,-22.6849,3
-33.49988,-7.035767,2
7.048427,-22.986282,3
32.937313,-26.240171,3
22.092218,-35.03772,3
8.49798,16.095816,1
-9.164946,1.9757502,2
14.7288265,27.679832,1
33.002296,-13.451537,3
-23.2564,-18.096338,2
-1.5058404,27.464895,1
-7.6506195,-25.842371,3
-32.7083,-15.606406,2
-16.671234,19.445976,2
21.140848,22.633446,1
-31.009638,-24.360834,3
-22.69177,-3.7525609,2
2.716879,-34.140434,3
-20.441984,-3.992467,2
18.132868,-26.780651,3
-11.671483,-9.249799,2
-33.0132,-7.5690923,2
20.83534,-15.873326,3
-19.161272,13.429225,2
10.732684,33.729717,1
17.500853,37.064495,1
5.9897223,-21.745262,3
-23.118204,-19.936304,2
-5.353858,-28.319075,3
-0.57360697,28.069197,1
-2.3827732,43.290314,1
17.229414,38.13497,1
0.74377406,6.5311093,2
-30.528477,-11.335226,2
-4.9065547,6.10454,2
-8.867891,3.1182985,2
28.787878,-32.210655,3
-4.06258,11.41967,2
-29.382915,-2.4055545,2
8.7177725,-25.631485,3
-5.44973,5.9864154,2
-33.069904,-16.145966,2
18.876543,-15.309921,3
32.232414,-13.209285,3
13.952242,26.360603,1
30.406021,-24.95606,3
-33.659794,-1.2696813,2
-11.7758,29.947325,2
-5.9579043,-1.2159163,2
38.117558,-30.34139,3
-18.70843,-0.7791522,2
-19.68594,24.661789,2
-22.722906,-20.93839,3
-1.6866883,26.44816,1
21.953661,25.012627,1
2.3312979,39.652,1
-2.2428439,44.28789,1
10.72792,29.606398,1
-1.726581,42.43613,1
-34.530617,-17.846369,3
12.961622,22.041847,1
-11.016464,17.85546,2
28.056564,-29.990877,3
-24.975323,10.013478,2
-18.542845,-28.281916,3
-0.54023606,35.637466,1
-5.042526,40.32721,1
17.028233,36.363415,1
-5.4583893,46.028286,1
-5.5622196,23.012018,2
14.047529,21.014975,1
5.9808784,43.69993,1
-1.4950578,43.982193,1
-10.946307,2.1264913,2
-11.948187,33.827976,1
-21.94259,20.780254,2
-13.445224,-3.6034522,2
-36.00217,-22.638258,3
22.985466,27.507524,1
7.2474704,-33.30932,3
-11.85846,-18.068565,3
-0.59230256,49.576675,1
21.80474,-21.259714,3
30.61023,-31.583721,3
15.297776,36.501446,1
-7.5611405,23.973122,2
5.941517,-35.43566,3
4.0965633,-17.503784,3
-4.9210114,40.85896,1
-0.17900805,28.369522,1
-23.361023,20.520718,2
-17.49525,-0.096887454,2
-34.386543,-15.981033,2
-15.996972,17.688953,2
-21.16342,7.8893795,2
-2.3556678,-32.822826,3
3.018974,51.40166,1
-0.1476173,23.04536,2
-6.1661777,-30.013203,3
27.487392,-34.76917,3
-23.020586,-2.6465569,2
-22.39887,-5.015583,2
2.936168,42.33616,1
-24.929224,13.685284,2
-10.108528,-8.315978,2
-10.233641,30.676228,1
5.975755,15.239461,2
-21.292994,19.825237,2
5.369182,51.408226,1
-9.3382015,19.837662,2
-8.303339,32.678165,1
-2.8376787,12.369803,2
11.164535,34.70097,1
22.532166,-15.998265,3
-20.340994,-16.396854,2
-13.916077,-27.093029,3
9.305094,-26.695728,3
-30.780983,-1.4923168,2
16.364443,31.492512,1
-11.579392,-7.8017826,2
-28.768555,-11.014592,2
4.4652214,-18.236898,3
-5.1101575,1.3107747,2
15.067821,27.317354,1
6.0827065,13.611938,2
-6.0250883,10.266383,2
-18.24764,-24.406065,3
-29.43315,-9.926582,2
-14.844853,17.953112,2
36.316376,-19.113989,3
-16.966093,-16.352945,2
-12.992717,31.66222,1
12.032823,35.48089,1
-5.0722795,47.448376,1
-5.4193892,27.28341,1
15.656564,20.644081,1
-2.2429578,36.170044,1
-0.8254431,19.326134,2
-1.6101148,36.88529,1
27.590754,-33.647984,3
20.675352,26.219406,1
-31.756441,-3.8255446,2
-7.0975475,5.1685452,2
36.19831,-13.568719,3
15.541882,28.69859,1
-18.316652,13.438444,2
35.004025,-16.923565,3
20.39739,-25.525326,3
9.897376,-31.89478,3
6.0927916,16.63406,2
15.953385,18.540827,1
-12.715853,-26.25802,3
29.749075,-18.56013,3
-32.771122,-7.103437,2
-32.16591,-8.882921,2
-12.228812,28.538269,2
6.5503488,-18.421225,3
-2.0882294,35.736153,1
-1.3975924,11.674045,2
-24.282629,16.00809,2
-26.480885,-1.7263569,2
-3.1407943,26.969225,1
20.00393,23.151754,1
-20.435854,-18.806564,2
-3.9185407,21.58019,2
-31.993338,-10.028004,2
2.3713474,34.445805,1
-16.610977,-0.1786754,2
-33.36087,-5.089328,2
23.033072,26.345457,1
-5.3112745,13.539083,2
19.803154,21.160425,1
6.772912,47.02151,1
36.770527,-12.404392,3
-1.7417572,12.157165,2
12.415318,-14.416074,3
4.131217,19.450186,2
-34.701157,-22.36815,3
6.003731,-19.290707,3
-31.266949,-11.638688,2
-6.292247,-1.9982927,2
-24.2462,17.731136,2
-17.190306,19.996273,2
31.220346,-28.220615,3
14.148126,-15.285159,3
36.167587,-26.628216,3
-2.72619,46.35469,1
-3.8277545,-31.359049,3
30.919003,-17.55872,3
1.2151827,32.301502,1
22.594437,25.214622,1
-6.125405,-33.997093,3
-9.745722,-11.8420515,2
16.759747,-27.563154,3
13.615493,28.13215,1
9.310257,-23.993656,3
7.0090747,22.967989,1
11.661432,27.006575,1
-3.0350368,40.020535,1
6.1610103,-36.141663,3
-34.11146,-20.504143,3
-31.573536,-3.4914038,2
-15.526407,18.259415,2
21.880787,-22.704498,3
-22.808168,18.854586,2
8.337131,-34.40396,3
-5.193561,0.52070814,2
-4.8094554,7.500895,2
-24.640322,10.869527,2
6.585189,11.038942,2
5.3746824,-23.000555,3
-33.49873,-2.163333,2
-13.332106,32.221546,1
24.691437,-24.020222,3
-1.8352929,4.3129754,2
-31.101347,-5.273012,2
25.339933,-22.374819,3
-10.690278,-17.521172,2
20.309914,22.682396,1
31.268656,-12.292978,3
-26.998373,-19.37845,3
-18.82342,23.265036,2
-3.3118026,45.7564,1
9.35878,-24.833513,3
-22.124115,-19.716465,2
-20.14091,-5.4272428,2
27.587568,-29.195232,3
9.161274,-27.863148,3
-2.7482507,41.720448,1
-9.163324,21.350435,2
-14.662493,31.415888,1
-10.892174,-35.473866,3
11.819144,44.784336,1
-26.378883,-9.848937,2
6.633305,-23.194826,3
21.812624,-20.03559,3
-1.8144301,10.502227,2
13.224046,-27.968607,3
20.548737,23.287628,1
17.516422,-28.474974,3
10.601197,34.511997,1
-18.554401,13.755424,2
11.850853,-12.713016,3
1.7646064,36.063633,1
-10.157459,31.509989,1
-13.194144,-34.090195,3
-16.457092,-34.094646,3
-9.639199,-18.644499,3
-9.119657,-29.057663,3
-16.733213,-6.0653925,2
-1.8245884,24.687315,2
1.2257435,7.122178,2
14.2870655,20.230036,1
29.018496,-29.90998,3
-33.456882,-9.249671,2
-8.245864,7.3932457,2
-18.000032,4.4743843,2
34.11284,-29.671211,3
1.2978792,36.102543,1
-15.597107,-14.467467,2
-11.96961,-4.197089,2
-22.21956,-18.86859,2
25.22158,25.691568,1
25.561182,-34.981743,3
32.041836,-29.787645,3
-10.026715,-11.272051,2
-6.2943134,-28.065268,3
30.386408,-27.669249,3
-33.655285,-25.891142,3
2.1528037,35.213444,1
-22.7164,-9.94914,2
-15.696861,-16.258955,2
-24.528803,16.464478,2
-10.739582,-34.536686,3
34.336987,-31.326708,3
29.516874,-19.599249,3
-6.2778635,0.4073039,2
14.67675,30.378517,1
36.909107,-22.03493,3
15.569745,-14.816097,3
10.667341,35.069004,1
28.713722,-17.818184,3
19.444231,-13.53012,3
-10.359208,-6.403542,2
-15.311593,-14.91885,2
-9.584248,8.461644,2
16.14656,36.20455,1
-5.012742,13.278043,2
11.831284,-13.449162,3
9.464231,49.679695,1
-11.384695,19.62932,2
-7.425207,7.4209027,2
-30.88901,-4.62279,2
29.195248,-12.091743,3
-19.429356,21.994934,2
1.4375863,6.3499427,2
4.697625,-21.99044,3
-5.4914565,-0.37700358,2
6.403555,20.597395,1
-5.8586545,-0.42552525,2
2.4199557,36.842976,1
-1.9916555,36.66076,1
-8.428161,-3.7700257,2
-10.205936,7.2451797,2
28.968641,-25.317078,3
-5.828882,10.866934,2
-11.174282,-12.852388,2
-18.701189,-22.244295,3
7.9665685,50.708614,1
-7.388785,-25.042877,3
15.174048,19.19586,1
35.394268,-25.428875,3
-4.356845,47.223843,1
-19.58014,12.333858,2
6.8125825,43.74607,1
38.57315,-24.39175,3
-24.32083,-2.0205307,2
-9.7852335,-14.424729,2
9.45659,43.4266,1
4.1207204,-17.185251,3
-2.0644047,32.116364,1
23.27697,-15.18285,3
-8.125306,33.24406,1
13.783021,19.231462,1
1.8022745,51.451183,1
-6.9167423,-1.6399442,2
-23.13084,-8.93141,2
22.02651,26.164448,1
2.7824528,-35.243706,3
-16.937803,4.194683,2
-14.584344,-4.9369617,2
-17.366766,6.3480554,2
-16.319393,12.574215,2
-10.131367,-10.948654,2
15.945549,21.006273,1
0.6602078,33.170715,1
20.7945,-29.490686,3
31.799583,-16.65118,3
-15.864563,17.077776,2
-14.232324,29.687113,2
-28.322647,-20.125744,3
-10.579985,8.35708,2
10.620059,47.1055,1
13.081153,26.50078,1
-9.942763,-31.744417,3
-31.533419,-21.101067,3
16.618385,37.974503,1
-11.436233,32.491287,1
-12.304247,31.995615,1
-33.348564,-21.672356,3
2.2060492,52.51295,1
12.635395,34.651337,1
8.783984,-31.041403,3
0.20656417,33.86523,1
-16.333696,-24.395191,3
-4.1658196,27.504034,1
5.287326,43.058514,1
-9.408984,30.295176,1
-10.87682,-33.403316,3
22.25987,-33.867023,3
15.175039,-28.256168,3
-3.8322222,4.848853,2
-34.27036,-21.14362,3
5.5348177,23.453478,1
5.2674127,13.238131,2
27.68131,-34.54645,3
11.684737,46.365017,1
8.227497,42.530075,1
5.3577104,23.406467,1
24.459335,26.308899,1
3.3984041,28.497303,1
-16.521553,-14.49407,2
-20.038355,12.009151,2
23.557068,-22.582441,3
10.715761,-31.010027,3
-1.5578772,10.050259,2
-16.335926,31.176414,2
-12.137075,13.66396,2
-28.243172,-11.1156845,2
6.8916264,14.452195,2
-21.404757,-20.2788,2
-2.9956014,2.2712417,2
-22.147379,-7.605895,2
-24.972607,15.912903,2
-2.0004323,19.704014,2
35.867382,-31.376776,3
1.778463,-34.53708,3
11.084348,30.612335,1
23.502684,-33.629475,3
-6.8151455,-2.9160364,2
23.534245,-17.156637,3
10.235834,-27.67024,3
-8.623686,4.4903893,2
2.369624,52.07505,1
7.4340405,13.916127,2
-33.322586,-5.9638286,2
-15.76126,-22.072823,3
-14.3107195,30.814934,2
2.4613914,36.495644,1
14.717287,-15.499051,3
36.34228,-11.7077265,3
-14.043076,-4.9916854,2
-5.864256,46.912125,1
-0.45347345,21.300512,2
18.168806,36.83476,1
29.5868,-28.27026,3
10.029459,36.18193,1
-11.927079,-12.437267,2
-5.812316,23.714064,2
-22.931488,-7.479776,2
-30.579317,-20.592098,3
14.1493225,-15.084189,3
1.87169,28.068106,1
19.997648,32.944923,1
14.204738,27.414871,1
28.34284,-31.766361,3
25.528875,-34.578373,3
-17.062479,-15.751123,2
-15.254503,-15.701819,2
-35.112007,-20.266306,3
1.1248668,32.873695,1
29.60534,-27.916122,3
-17.839272,10.487275,2
-2.6861906,5.3036356,2
-19.84462,-3.908849,2
10.621677,44.732475,1
2.2778187,31.387407,1
-10.258305,-34.748756,3
-1.7603835,50.86003,1
-32.267498,-12.358019,2
-4.9285583,27.646955,1
-15.105324,13.855491,2
-8.188497,23.389233,2
-1.8643405,8.896059,2
-11.481144,-33.36449,3
6.9329214,11.186561,2
-21.984957,-9.050161,2
-20.077652,4.8386793,2
-10.913635,-25.764439,3
30.996494,-11.36784,3
2.994218,-17.198929,3
-8.959888,32.3069,1
14.970106,40.27981,1
-14.476066,30.487358,2
-11.421693,-14.360567,2
5.768951,49.579792,1
-8.820001,-3.2944312,2
-30.720533,-11.932288,2
-2.3347242,11.55142,2
5.959788,-17.369434,3
-2.4660954,48.820946,1
21.378546,25.837486,1
-11.937501,-34.56927,3
-33.546497,-1.6176265,2
-15.361864,-30.72992,3
-24.25458,14.09376,2
-4.342167,27.017504,1
11.163408,-30.495623,3
8.161833,-31.968058,3
-8.247815,-28.817144,3
-12.118088,28.951748,2
-18.065687,-15.342086,2
-12.5685215,15.564077,2
11.893446,36.374344,1
28.645735,-21.371143,3
-3.3007479,45.2225,1
32.34169,-11.237417,3
-16.206131,4.7828584,2
-5.3159027,40.778927,1
-29.773207,-5.1412635,2
21.274189,-23.480705,3
3.043432,-16.654207,3
7.5823445,-33.649048,3
-8.2539015,-24.667603,3
-34.173008,-24.013063,3
17.651888,-27.657051,3
-13.5139065,31.32906,1
-32.317345,-1.156322,2
11.532989,15.974562,1
36.636166,-12.882469,3
32.430553,-24.278187,3
15.285756,39.238747,1
-16.597391,-33.19978,3
29.649803,-12.367641,3
15.477971,18.025698,1
-22.00118,-9.604244,2
28.039663,-18.001999,3
8.578175,48.691612,1
-31.875387,-26.09303,3
5.039651,12.670785,2
30.66936,-28.63754,3
36.307716,-25.115318,3
31.924267,-14.679792,3
-10.991323,0.90938467,2
22.656141,-33.133686,3
16.837706,-13.972817,3
3.1303053,7.9144826,2
15.138897,-12.958848,3
9.64283,46.85655,1
-31.72356,-11.809366,2
5.5033674,21.127522,1
21.07612,21.378448,1
5.969115,46.23211,1
-33.778973,-24.610697,3
-17.336103,21.009613,2
-4.8587604,-31.029448,3
6.3478546,47.49027,1
-17.187801,23.80428,2
-26.681917,-5.1157928,2
9.280838,-17.420788,3
-18.413473,24.440128,2
-25.123875,-19.597803,3
26.407337,-33.98366,3
-21.347324,-19.325323,2
10.842705,15.609553,1
17.510197,36.67081,1
21.205229,-27.726677,3
24.95881,26.672173,1
21.95828,-29.206217,3
-10.388582,-7.713252,2
31.07885,-14.764451,3
12.152922,-12.84821,3
39.110012,-29.830473,3
-22.547628,21.727592,2
7.127003,-24.671225,3
-7.411807,6.881464,2
-7.4781013,-2.2973118,2
-21.53003,-20.970612,3
21.06241,-17.121677,3
36.11605,-16.505215,3
2.1533659,-34.30801,3
-4.190324,2.1040857,2
-10.787261,7.1494646,2
-8.432141,-34.247086,3
6.433755,19.518576,1
15.423967,29.019182,1
-19.471443,21.009205,2
-16.802612,29.040144,2
-2.6259494,20.362818,2
-14.529335,32.274395,1
18.330595,34.072384,1
16.404509,38.891747,1
38.572613,-27.064526,3
-19.557531,10.972493,2
-23.806292,19.980658,2
-18.276896,-29.3736,3
4.6107664,22.891531,1
32.070774,-18.547272,3
4.5338397,-34.203804,3
-0.9491904,48.754185,1
-16.39706,9.654835,2
21.933044,-26.491594,3
31.701988,-20.2287,3
-21.477036,7.291594,2
-10.325,-16.428158,2
-1.2810081,37.41832,1
38.794434,-26.54701,3
-9.383903,31.242361,1
31.686998,-14.075231,3
-31.465288,-19.96833,3
-23.000154,-18.63253,2
-21.841965,-3.0836198,2
9.199232,17.188213,1
-4.13402,40.811714,1
6.5054,21.204775,1
1.780879,30.226776,1
5.7804856,-31.721111,3
-0.38620943,7.874958,2
10.160674,44.115658,1
37.394566,-30.53233,3
22.317657,-17.833061,3
30.945076,-27.695005,3
39.116394,-30.461996,3
1.8518096,31.461761,1
-2.5082462,3.0928319,2
-6.9387116,-35.015167,3
-31.739567,-25.911652,3
16.951324,19.883183,1
12.820986,-14.980565,3
12.364777,15.705258,1
7.0052853,20.57311,1
-28.946224,-4.7161956,2
-16.253517,-15.318037,2
-10.957512,-12.396192,2
15.5884905,31.830235,1
22.73771,-30.771627,3
-13.7532835,29.93742,2
14.027202,29.186485,1
22.607077,-16.811287,3
33.273823,-12.556433,3
20.00962,-27.56716,3
12.363445,-13.670696,3
-16.204676,-24.68085,3
-33.171124,-6.536013,2
21.414368,24.025986,1
-19.824999,13.057843,2
-12.631265,14.600397,2
0.68983305,21.705389,2
-16.126871,-34.286747,3
-27.86505,-1.313266,2
23.058634,23.013988,1
9.472037,18.170908,1
-31.455368,-24.912445,3
7.651294,44.017826,1
17.692034,-13.935266,3
-29.399069,-1.1698761,2
-33.351784,-0.72086936,2
-29.133053,-11.260285,2
10.296725,-32.611362,3
0.16509551,7.4831343,2
-32.337498,-23.766964,3
-26.756384,-9.271258,2
8.6152115,12.935032,2
22.156599,-28.654709,3
12.150788,-12.493631,3
-18.332653,-26.978155,3
18.225208,-27.752392,3
20.586086,-26.821058,3
-7.509785,-30.090303,3
15.932262,-28.957602,3
-11.420275,-30.726559,3
-6.4964542,-26.250225,3
-29.405039,-17.528387,2
-9.81729,-35.590187,3
-3.9555156,42.50646,1
21.492514,-15.693255,3
23.286146,-32.745472,3
10.888099,46.447594,1
14.119239,-28.059237,3
-3.0673544,46.365963,1
-0.90353155,10.525101,2
4.8880777,-21.260454,3
0.9060912,35.457325,1
9.721729,-32.496964,3
20.809637,-35.21164,3
-26.305134,-1.9587433,2
8.477666,50.424393,1
-1.0674261,18.96989,2
-25.79222,-18.794575,2
37.358334,-24.204374,3
-28.065357,-19.151852,3
6.5849476,15.923905,2
-33.42144,-17.205673,3
-14.297488,-6.14584,2
8.105292,-29.441404,3
21.228403,22.363487,1
1.0990331,-33.68846,3
-22.1176,-6.3363776,2
35.875584,-27.03136,3
-19.333443,22.86184,2
-9.296373,-17.582935,3
31.39787,-26.231848,3
15.127456,30.806677,1
34.913437,-31.589787,3
-7.228371,-27.645784,3
15.579098,35.56486,1
-5.925281,21.544937,2
-12.189474,-32.270607,3
13.201043,39.23412,1
-25.04856,-10.799948,2
1.6867683,6.6608105,2
-20.55838,-20.159006,2
0.019846635,51.8704,1
21.213236,-24.88401,3
35.403355,-17.394745,3
36.269627,-25.974468,3
4.9165506,-19.033558,3
-1.3407713,42.895527,1
6.158774,-24.301405,3
0.72967964,52.61227,1
24.027866,27.626062,1
2.831966,7.6661897,2
-29.488716,-0.59567344,2
6.426319,-18.135664,3
-7.253381,-26.993277,3
-9.440182,2.8512633,2
8.369158,11.949426,2
38.94396,-25.63285,3
-22.218369,13.036564,2
-18.571728,6.3292913,2
11.003171,28.382355,1
9.233436,-29.900251,3
-5.1451707,-27.093983,3
5.700082,21.836714,1
7.8513827,42.796535,1
-35.768375,-21.96506,3
-32.582893,-20.150677,3
8.301157,12.313312,2
32.574165,-12.461606,3
-2.750771,42.17719,1
-22.775524,12.964897,2
32.13585,-24.209425,3
-10.819828,7.2945485,2
-15.508633,-22.708439,3
-3.1263208,3.2547925,2
5.2831135,15.936935,2
38.078873,-26.72644,3
-15.581357,9.960692,2
23.44846,-17.622879,3
-0.7786252,26.753672,1
12.388723,16.77937,1
1.0661294,52.29478,1
-34.44759,-19.000746,3
-19.741724,19.825266,2
18.878511,-13.717385,3
-20.17032,5.1316743,2
34.484966,-11.498062,3
14.651962,18.57284,1
21.281498,-29.113308,3
4.8505206,-32.513634,3
3.9965355,-32.930664,3
21.579693,-34.597225,3
6.51465,-22.463623,3
-29.673187,-18.338583,3
3.5066953,36.437775,1
23.420948,27.562326,1
28.020744,-15.529548,3
-25.35431,-18.735777,2
9.501748,-29.09548,3
-23.481152,7.504283,2
15.090113,28.187958,1
13.765469,29.941935,1
-34.986877,-22.959124,3
-9.206778,4.1525383,2
1.5163347,28.726547,1
-32.26458,-1.0839299,2
7.9314046,46.34123,1
-10.303273,-12.675612,2
6.745873,14.375472,2
4.6124916,-35.736225,3
-9.334542,22.088741,2
-17.064817,4.7771134,2
24.289742,28.133282,1
-0.8932004,50.667408,1
-14.805014,13.289084,2
-10.658152,0.34002554,2
-21.398176,-17.943104,2
-9.324524,24.414202,2
-5.900267,-27.507486,3
21.94158,-31.690891,3
7.3344984,-17.81501,3
16.048813,37.836143,1
-20.499277,4.490077,2
13.020998,34.76091,1
10.417391,14.584278,1
38.477882,-28.375425,3
10.59244,32.914886,1
-11.719741,-3.623525,2
-9.725994,-16.779257,2
-34.270027,-24.99327,3
-33.547646,-7.4490867,2
6.8158984,51.290684,1
-18.764269,23.936085,2
-13.092117,-4.8089046,2
-1.6456578,49.999374,1
-1.4467181,9.245316,2
1.061226,51.791718,1
-1.5186251,50.86535,1
-19.513311,14.284855,2
-4.1631536,48.262455,1
-24.149015,-9.313244,2
-9.61389,-28.806686,3
10.163229,-28.290035,3
-1.3223757,32.575054,1
15.887724,19.354713,1
7.466372,40.963207,1
-34.70301,-17.36084,3
-7.383263,-29.586508,3
6.0036087,50.623535,1
30.770582,-12.557533,3
0.46819082,51.0779,1
-32.98003,-5.837083,2
-14.474899,-32.98278,3
19.7419,-13.750818,3
-33.060696,-26.605452,3
6.9854894,-34.156654,3
-9.777219,17.526209,2
11.687133,-16.85295,3
18.075052,29.665642,1
23.91793,-22.099087,3
-27.068285,-5.638492,2
7.806504,-34.82471,3
-19.461508,7.1756787,2
-30.313683,-19.653358,3
-21.49587,-4.6577034,2
-3.1982474,-30.264479,3
22.875206,22.768976,1
17.081993,34.256927,1
-15.25541,31.535208,1
13.563309,25.357084,1
21.526249,-21.921556,3
7.842624,20.013283,1
37.07789,-25.575079,3
-19.51882,23.360634,2
-2.9928846,38.115532,1
4.302724,-34.856564,3
-16.995186,-25.608109,3
-7.2790403,-3.5909152,2
-21.698666,-8.006439,2
-16.857275,-34.11331,3
10.06236,16.576515,1
38.746532,-25.704458,3
36.53563,-24.234612,3
-33.78688,-19.065685,3
-7.003014,46.48344,1
-6.164169,-26.155865,3
6.0220346,47.025665,1
17.78875,36.03021,1
0.48064047,22.071938,2
-24.095316,10.269167,2
19.350334,-14.558394,3
2.7453704,-16.608282,3
5.008942,-23.363165,3
-10.162731,6.3379726,2
-18.66701,21.627125,2
-4.608467,8.281106,2
36.782692,-21.20135,3
17.734566,35.380413,1
21.09873,-21.252954,3
-14.496143,-14.015238,2
-8.082658,2.2884402,2
2.4180703,-16.796553,3
-8.194384,-2.6685576,2
21.30835,-25.368443,3
28.531805,-30.950848,3
-3.6305807,1.4711716,2
7.838098,12.138647,2
-12.373507,-14.239211,2
27.893093,-13.902501,3
6.608191,21.85835,1
-33.984924,-16.328314,2
-24.42813,-20.123909,3
-11.463999,-34.825657,3
3.275706,36.181458,1
-13.807648,-33.743294,3
26.35986,-16.799555,3
11.043873,25.53618,1
3.4117143,21.895782,1
35.11711,-12.617671,3
-6.284087,46.33809,1
18.176105,-14.916665,3
-17.63081,-1.2450979,2
-12.128702,30.911129,1
21.121674,-26.280258,3
-17.810343,6.1034737,2
-12.237188,-4.9332976,2
-13.853567,17.066605,2
-12.936333,-14.12478,2
10.880859,27.905788,1
-22.038858,18.768764,2
37.18313,-27.694246,3
8.913552,13.80248,2
-7.577157,-24.420763,3
-19.822006,25.376701,2
7.708835,-25.327883,3
11.187516,32.20788,1
35.269085,-14.421324,3
-24.752747,12.246812,2
4.212408,21.723171,1
7.314422,44.845463,1
-3.6542418,41.13714,1
-26.40389,-3.237691,2
-0.17351706,9.089659,2
14.266449,-14.33651,3
-17.993738,8.052053,2
4.941905,19.652092,1
-19.824158,-20.061642,2
-4.9271626,-28.223236,3
15.14804,20.314575,1
-3.2890203,40.665733,1
24.799143,25.09251,1
-10.74877,-34.77003,3
-18.044027,-27.449541,3
-6.907756,-2.294714,2
16.849821,-13.689226,3
8.0759535,-33.280403,3
-16.073046,-14.503932,2
21.75572,-30.108221,3
7.9028535,21.231579,1
21.794401,21.652365,1
-11.262214,28.67368,2
-0.49632406,51.36397,1
-12.966488,-6.2384,2
30.638208,-18.470007,3
7.5737405,49.134186,1
-2.3377535,45.263004,1
-16.511206,4.4819565,2
31.703218,-27.724003,3
-2.6407506,13.45522,2
-28.332998,-1.9202721,2
5.362253,50.505848,1
14.652526,24.63457,1
37.888195,-24.492487,3
34.319496,-12.407942,3
6.8863835,51.795418,1
32.939816,-11.202648,3
-29.45019,-19.397469,3
20.831543,-28.235924,3
-20.038933,7.489875,2
-26.66635,-2.6097202,2
-7.69463,-2.9591844,2
-18.301792,-27.915478,3
0.25221962,40.618965,1
23.389284,28.467518,1
-16.85134,24.312582,2
-15.949633,-32.88639,3
-6.959471,45.969006,1
-6.69418,-25.739859,3
36.791714,-26.580599,3
8.585283,41.031944,1
-12.061872,-26.696524,3
-22.304607,10.821856,2
20.859318,-17.952383,3
14.756256,19.511147,1
-15.473924,-31.494255,3
16.589407,-26.918962,3
32.681225,-25.651278,3
-35.174797,-22.296934,3
-30.979563,-1.3464394,2
-26.969198,-18.462162,2
21.195475,-19.354147,3
-21.540888,-9.550518,2
1.7192166,52.07428,1
29.842756,-17.79586,3
-31.918806,-25.214182,3
-33.60339,-22.221663,3
6.8989367,21.571522,1
-31.942623,-20.924751,3
-4.8133435,5.7262874,2
-15.973526,-23.972397,3
15.334209,30.466946,1
-35.07453,-19.499573,3
37.351368,-13.000412,3
8.929981,47.402836,1
35.66133,-16.302332,3
-16.674723,11.451644,2
19.752356,-14.234249,3
8.414634,-25.902424,3
-18.703726,-12.503663,2
-3.1040237,-32.32722,3
21.65656,-17.070484,3
-20.30587,14.132844,2
-4.238065,13.38435,2
-6.6358457,-25.180511,3
11.884995,-14.7890625,3
1.6934706,-34.893093,3
10.191892,-17.667772,3
-24.91023,15.623729,2
12.261169,-28.811928,3
15.726836,27.704288,1
-28.014652,-5.4272585,2
6.01148,52.079845,1
-9.813439,19.545492,2
-23.027847,20.778418,2
-2.5169244,3.47394,2
-14.9883375,-31.750807,3
-19.213634,15.183297,2
-24.763159,13.18658,2
8.384321,17.321085,1
-20.227287,19.360168,2
-2.2024293,27.447886,1
15.772195,35.00267,1
-11.293266,-15.334799,2
-33.755394,-21.41195,3
-11.3883915,-17.304476,2
-10.782895,1.7134184,2
-5.7929673,8.169798,2
19.309376,-15.486865,3
